﻿<?xml version="1.0" encoding="utf-8"?>
<Defs>
  <HairDef>
    <defName>GH_Afro</defName>
    <label>GOPNI afro</label>
    <hairGender>Any</hairGender>
    <texPath>Gairs/Afro</texPath>
		<hairTags>
			<li>Urban</li>
		</hairTags>
  </HairDef>
  <HairDef>
    <defName>GH_Bob</defName>
    <label>GOPNI bob</label>
    <hairGender>Female</hairGender>
    <texPath>Gairs/Bob</texPath>
    <hairTags>
			<li>Urban</li>
		</hairTags>
  </HairDef>
  <HairDef>
    <defName>GH_Burgundy</defName>
    <label>GOPNI burgundy</label>
    <hairGender>Male</hairGender>
    <texPath>Gairs/Burgundy</texPath>
		<hairTags>
			<li>Urban</li>
		</hairTags>
  </HairDef>
  <HairDef>
    <defName>GH_Flowy</defName>
    <label>GOPNI flowy</label>
    <hairGender>Female</hairGender>
    <texPath>Gairs/Flowy</texPath>
		<hairTags>
			<li>Urban</li>
			<li>Rural</li>
		</hairTags>
  </HairDef>
  <HairDef>
    <defName>GH_Long</defName>
    <label>GOPNI long</label>
    <hairGender>Female</hairGender>
    <texPath>Gairs/Long</texPath>
    <hairTags>
			<li>Urban</li>
			<li>Rural</li>
		</hairTags>
  </HairDef>
  <HairDef>
    <defName>GH_Mohawk</defName>
    <label>GOPNI mohawk</label>
    <hairGender>MaleUsually</hairGender>
    <texPath>Gairs/Mohawk</texPath>
    <hairTags>
			<li>Urban</li>
			<li>Punk</li>
		</hairTags>
  </HairDef>
  <HairDef>
    <defName>GH_Mop</defName>
    <label>GOPNI mop</label>
    <hairGender>MaleUsually</hairGender>
    <texPath>Gairs/Mop</texPath>
		<hairTags>
			<li>Urban</li>
			<li>Rural</li>
		</hairTags>
  </HairDef>
  <HairDef>
    <defName>GH_Pigtails</defName>
    <label>GOPNI pigtails</label>
    <hairGender>Female</hairGender>
    <texPath>Gairs/Pigtails</texPath>
    <hairTags>
			<li>Urban</li>
		</hairTags>
  </HairDef>
  <HairDef>
    <defName>GH_Shaved</defName>
    <label>GOPNI shaved</label>
    <hairGender>MaleUsually</hairGender>
    <texPath>Gairs/Shaved</texPath>
		<hairTags>
			<li>Urban</li>
			<li>Punk</li>
			<li>Rural</li>
			<li>Tribal</li>
		</hairTags>
  </HairDef>
  <HairDef>
    <defName>GH_Spikes</defName>
    <label>GOPNI spikes</label>
    <hairGender>MaleUsually</hairGender>
    <texPath>Gairs/Spikes</texPath>
		<hairTags>
			<li>Urban</li>
			<li>Punk</li>
		</hairTags>
  </HairDef>
  <HairDef>
    <defName>GH_Tuft</defName>
    <label>GOPNI tuft</label>
    <hairGender>MaleUsually</hairGender>
    <texPath>Gairs/Tuft</texPath>
    <hairTags>
			<li>Punk</li>
			<li>Tribal</li>
		</hairTags>
  </HairDef>
  <HairDef>
    <defName>GH_Wavy</defName>
    <label>GOPNI wavy</label>
    <hairGender>Any</hairGender>
    <texPath>Gairs/Wavy</texPath>
		<hairTags>
			<li>Urban</li>
			<li>Rural</li>
		</hairTags>
  </HairDef>


  <HairDef>
    <defName>GH_BraidedKnot</defName>
    <label>GOPNI braided knot</label>
    <hairGender>Any</hairGender>
    <texPath>Gairs/Braidbun</texPath>
    <hairTags>
      <li>Punk</li>
      <li>Tribal</li>
    </hairTags>
  </HairDef>

  <HairDef>
    <defName>GH_Topdog</defName>
    <label>GOPNI topdog</label>
    <hairGender>Male</hairGender>
    <texPath>Gairs/Topdog</texPath>
    <hairTags>
      <li>Urban</li>
      <li>Punk</li>
    </hairTags>
  </HairDef>

  <HairDef>
    <defName>GH_Senorita</defName>
    <label>GOPNI senorita</label>
    <hairGender>Female</hairGender>
    <texPath>Gairs/Senorita</texPath>
    <hairTags>
      <li>Urban</li>
      <li>Rural</li>
    </hairTags>
  </HairDef>

  <HairDef>
    <defName>GH_ScorpionTail</defName>
    <label>GOPNI scorpion tail</label>
    <hairGender>Any</hairGender>
    <texPath>Gairs/Scorpiontail</texPath>
    <hairTags>
      <li>Punk</li>
      <li>Tribal</li>
    </hairTags>
  </HairDef>

  <HairDef>
    <defName>GH_BriefPonytail</defName>
    <label>GOPNI brief ponytail</label>
    <hairGender>Male</hairGender>
    <texPath>Gairs/Gaston</texPath>
    <hairTags>
      <li>Rural</li>
    </hairTags>
  </HairDef>

  <HairDef>
    <defName>GH_Troubadour</defName>
    <label>GOPNI troubadour</label>
    <hairGender>Male</hairGender>
    <texPath>Gairs/Troubadour</texPath>
    <hairTags>
      <li>Urban</li>
    </hairTags>
  </HairDef>

  <HairDef>
    <defName>GH_Messy</defName>
    <label>GOPNI messy</label>
    <hairGender>Male</hairGender>
    <texPath>Gairs/Mess</texPath>
    <hairTags>
      <li>Urban</li>
      <li>Rural</li>
    </hairTags>
  </HairDef>

  <HairDef>
    <defName>GH_Princess</defName>
    <label>GOPNI princess</label>
    <hairGender>Female</hairGender>
    <texPath>Gairs/Princess</texPath>
    <hairTags>
      <li>Rural</li>
    </hairTags>
  </HairDef>

  <HairDef>
    <defName>GH_Firestarter</defName>
    <label>GOPNI firestarter</label>
    <hairGender>MaleUsually</hairGender>
    <texPath>Gairs/Firestarter</texPath>
    <hairTags>
      <li>Punk</li>
    </hairTags>
  </HairDef>

  <HairDef>
    <defName>GH_GreasySwoop</defName>
    <label>GOPNI greasy swoop</label>
    <hairGender>Male</hairGender>
    <texPath>Gairs/GreasySwoop</texPath>
    <hairTags>
      <li>Urban</li>
    </hairTags>
  </HairDef>

  <HairDef>
    <defName>GH_Curly</defName>
    <label>GOPNI curly</label>
    <hairGender>Female</hairGender>
    <texPath>Gairs/Curly</texPath>
    <hairTags>
      <li>Urban</li>
      <li>Rural</li>
    </hairTags>
  </HairDef>

  <HairDef>
    <defName>GH_Scatman</defName>
    <label>GOPNI scatman</label>
    <hairGender>Male</hairGender>
    <texPath>Gairs/Scat</texPath>
    <hairTags>
      <li>Rural</li>
    </hairTags>
  </HairDef>

</Defs>
